num_layers,raster_warp,raster_classify,raster_total,dggs_h3_index,dggs_h3_classify,dggs_h3_total,dggs_xdggs_index,dggs_xdggs_classify,dggs_xdggs_total,dggs_preindex_read,dggs_preindex_classify,dggs_preindex_total
10,2.779200440272689e-05,0.002015082980506122,0.002042874984908849,0.10839029203634709,0.001691834011580795,0.11008212604792789,0.04885387502145022,0.0014914579805918038,0.050345333002042025,0.00023799994960427284,0.001741834043059498,0.001979833992663771
50,0.0003667499986477196,0.0023818749468773603,0.00274862494552508,0.5318787500145845,0.002254707971587777,0.5341334579861723,0.2449299999861978,0.0031199579825624824,0.24804995796876028,0.0006317920051515102,0.0026800839696079493,0.0033118759747594595
100,0.0007580830133520067,0.006785250036045909,0.007543333049397916,1.038943958003074,0.0034522080095484853,1.0423961660126224,0.4978860840201378,0.0035157910315319896,0.5014018750516698,0.0009322499972768128,0.0032987080048769712,0.004230958002153784
500,0.0071960840141400695,0.042251708975527436,0.049447792989667505,5.3600578749901615,0.010390291980002075,5.370448166970164,2.4956544159795158,0.01040770800318569,2.5060621239827015,0.0018583330092951655,0.011303458013571799,0.013161791022866964
