num_layers,dggs_index_time,dggs_classify_time,dggs_total_time,vector_join_time,vector_classify_time,vector_total_time,vector_success
5,0.012586708005983382,0.013327041000593454,0.025913749006576836,0.41647670802194625,0.001059749978594482,0.41753645800054073,True
10,0.025816583016421646,0.0033038329565897584,0.029120415973011404,2.917378457961604,0.002632084011565894,2.92001054197317,True
20,0.0481743750278838,0.0036829159944318235,0.05185729102231562,26.575906999991275,0.00958133302628994,26.585488333017565,True
50,0.1224183330195956,0.007703042007051408,0.130121375026647,754.6218284579809,0.08188954199431464,754.7037179999752,True
